{
  "accuracy": 0.047244094488188976,
  "char_accuracy": 0.4187793427230047,
  "correct": 6,
  "total": 127,
  "predictions": [
    "AL5",
    "AP058Y779A",
    "KPWNRUH",
    "1PANEVAU",
    "A50LAL,3746",
    "A52984605",
    "E8R0105250",
    "1N01N625|",
    "AR0HH6U69U",
    "NU7V7",
    "WMMMW",
    "6622UD",
    "'CH0VALA92U",
    "WL1C5H7D1",
    "DLACC00V0P]",
    "DL5CH7599",
    "JA6L05?",
    "1L0UR7002",
    "11N,H",
    "DL8LLE5"
  ],
  "ground_truths": [
    "AN01L6155",
    "AP05BY7799",
    "AP31TV6847",
    "AP39E1493",
    "AS01AL3746",
    "AS23X5585",
    "BR01AW1250",
    "BR01AZ6290",
    "BR01DG6692",
    "BR02AF7424",
    "CG04HD6930",
    "CG22AB1111",
    "CH01AL4920",
    "DL1CS8739",
    "DL3CCQ0107",
    "DL5CH7599",
    "DL6CL0457",
    "DL6CR7002",
    "DL8CN6308",
    "DL8CNA5085"
  ]
}