{
  "accuracy": 0.007874015748031496,
  "char_accuracy": 0.3194662480376766,
  "format_validity": 0.5511811023622047,
  "correct": 1,
  "total": 127,
  "predictions_sample": [
    [
      "\"HLUUS",
      "AN01L6155"
    ],
    [
      "AP058Y7790",
      "AP05BY7799"
    ],
    [
      "KU",
      "AP31TV6847"
    ],
    [
      "IP00EV000",
      "AP39E1493"
    ],
    [
      "AS00AL3706",
      "AS01AL3746"
    ],
    [
      "AS2984585",
      "AS23X5585"
    ],
    [
      "10K12SU",
      "BR01AW1250"
    ],
    [
      "UADG25]",
      "BR01AZ6290"
    ],
    [
      "OR00NN0600",
      "BR01DG6692"
    ],
    [
      "A8724",
      "BR02AF7424"
    ],
    [
      "WMXM",
      "CG04HD6930"
    ],
    [
      "CZ",
      "CG22AB1111"
    ],
    [
      "'CHOVALA9ZU",
      "CH01AL4920"
    ],
    [
      "WL00SU700",
      "DL1CS8739"
    ],
    [
      "~OLACC004O)]",
      "DL3CCQ0107"
    ],
    [
      "DL00H7599",
      "DL5CH7599"
    ],
    [
      "J6U0W",
      "DL6CL0457"
    ],
    [
      "AI00UR7002",
      "DL6CR7002"
    ],
    [
      "IIN,M",
      "DL8CN6308"
    ],
    [
      "AA00C4500",
      "DL8CNA5085"
    ]
  ]
}